{
    "averge_document_length": {
        "stars": 220.27475,
        "genres": 16.233916666666666,
        "summaries": 1204.7246666666667
    },
    "document_count": 12000
}